,0
0,"RT @Rap_Thesaurus: ï£¿ Troll Extermination Day 
#Python #AI #IoT #IIoT #opensea #PyTorch #JavaScript #ReactJS #WordPress #Security #DeFi #Adâ€¦"
1,"In this step-by-step tutorial, you'll learn what the Python with statement is and how to use it with existing conteâ€¦ https://t.co/Nzp1trpqmU"
2,Checkout this Meetup with Open Data Science NY (Hosted by ODSC):#DataScience #machinelearning #Pythonâ€¦ https://t.co/LNdTnGonpp
3,"RT @Rap_Thesaurus: she Retweets Trolls 
#Python #AI #IoT #IIoT #opensea #PyTorch #JavaScript #ReactJS #WordPress #Security #DeFi #Ad
#trendâ€¦"
4,"å»å¹´ã®è‡ªåˆ†ã¯Flask(Python)ã«æ‰‹ã‚’å‡ºã—ãŸã¨ã“ã‹ã€‚ã‚ˆãæ›¸ã„ã¦ãŸãªã‚(å»å¹´ã®ã‚³ãƒ¼ãƒ‰ã‚’è¦‹ãªãŒã‚‰)ã€‚
ãƒ•ã‚©ãƒ¼ãƒ ã¨ã‹ãƒ•ãƒ­ãƒ³ãƒˆã‚¨ãƒ³ãƒ‰ã‚’ã‚µã‚¯ã‚µã‚¯ç”¨æ„ã§ãã‚Œã°ä»Šã‚ˆã‚Šã¯æ¥½â€¦ï¼Ÿã„ã‚„ã©ã†ã ã‚ãªã€‚ãƒªãƒ•ã‚¡ã‚¯ã‚¿ãƒªãƒ³ã‚°ã¨ã‹jinja2ã¨ã‹ä»Šå¹´ç‰ˆã«æ›¸ãç›´ã—ãŸã„ã¨ã“ã ãŒæ™‚é–“ãŒâ€¦æ™‚é–“ãŒã£"
5,"RT @WardPsychiatric: ï£¿ Request a New Eye Doctor!
#Python #IoT #IIoT #PyTorch #C #JavaScript #ReactJS #WordPress #Security #DeFi #Ad #CSS #Lâ€¦"
6,"RT @PenmanshipP: ï£¿ Classified Troll (terminate)
#Python #IoT #IIoT #PyTorch #JavaScript #ReactJS #WordPress #Security #DeFi #trollpatrolğŸš©
#â€¦"
7,ã„ã‚„ã€Python ã®èª²é¡Œé›£ã—ã™ãã‚‹
8,"RT @bou88888888: æ¯æ•°ãŒã‚ã¾ã‚Šå¤šããªã„ã«ã—ã¦ã‚‚

ï¼“äººã«ï¼‘äººä»¥ä¸ŠãŒãƒ—ãƒ­ã‚°ãƒ©ãƒŸãƒ³ã‚°ã£ã¦ã€‚ã€‚ã€‚

ã—ã‹ã‚‚ã€ã‚„ã‚ŠãŸã„ã®ã¯Python, JavaScriptã§ã™ã‚ˆï¼

ã“ã†ã—ãŸè‹¥æ‰‹ãŒåŠ é€Ÿçš„ã«å¢—ãˆã¦ã¾ã™ã­ã€‚

https://t.co/nM0SAjvuyF"
9,"RT @PenmanshipP: ï£¿ Trolls Donâ€™t Stream 
#Python #AI #IoT #IIoT #opensea #PyTorch #JavaScript #ReactJS #WordPress #Security #DeFi #Ad
#trendâ€¦"
10,"RT @yevsel: Day 18/50 of problem solving with Python.

Given an array of strings strs, group the anagrams together. You can return the answâ€¦"
11,"esse exercÃ­cio de python parecia ser tÃ£o fÃ¡cil mas nÃ£o tÃ´ conseguindo fazer, sÃ³ tristeza viu"
12,"RT @WardPsychiatric: Visual Aids For Educated Folk
#Python #AI #IoT #IIoT #opensea #PyTorch #JavaScript #ReactJS #WordPress #Security #DeFiâ€¦"
13,"RT @WardPsychiatric: Pot O Gold Spilled Out 
#Python #AI #IoT #IIoT #opensea #PyTorch #JavaScript #ReactJS #WordPress #Security #DeFi #Ad
#â€¦"
14,"RT @yevsel: Day 18/50 of problem solving with Python.

Given an array of strings strs, group the anagrams together. You can return the answâ€¦"
